{
   "acc_bias" : [ 0.510034978389740, 0.2014670073986054, -1.491688966751099 ],
   "acc_scale" : [ 0.9984570145606995, 1.003986954689026, 0.9739509820938110 ],
   "camera_from_imu" : [
      0.9999840259552002,
      -0.0009410000056959689,
      0.002225999953225255,
      0.005090000107884407,
      -0.02500000037252903,
      -0.03725000098347664,
      0.02745000086724758
   ],
   "device" : {
      "eye_target_height_in_pixels" : 800,
      "eye_target_width_in_pixels" : 640,
      "first_eye" : "eEYE_LEFT",
      "flip_y" : false,
      "horizontal_FOV_degrees" : 90.0,
      "last_eye" : "eEYE_RIGHT",
      "latency_scan_out_to_display_max" : 0.0,
      "latency_scan_out_to_display_min" : 0.0,
      "num_windows" : 1,
      "persistence" : 0.01666666753590107,
      "physical_aspect_x_over_y" : 1.600000023841858
   },
   "gyro_bias" : [ -0.009650999680161476, 0.008710999973118305, 0.01759999990463257 ],
   "gyro_scale" : [ 1.004567980766296, 1.013326048851013, 1.013326048851013 ],
   "tracking_camera_intrinsics" : "ids_ui_1221le_m__sunex_ds2311a__4002902146",
   "tracking_camera_unique_id" : 0,
   "tracking_to_eye_transform" : [
      {
         "distortion" : {
            "center_x" : 0.1575496941804886,
            "center_y" : 0.02021460048854351,
            "coeffs" : [
               -0.3261389136314392,
               0.1800443381071091,
               -0.2198724597692490,
               0.0,
               0.0
            ],
            "type" : "DISTORT_DPOLY3"
         },
         "extrinsics" : [
            [
               0.9995304942131043,
               -0.008726038038730621,
               -0.02937192283570766,
               0.003525361185893416
            ],
            [
               0.008106399327516556,
               0.9997434616088867,
               -0.02114967256784439,
               0.04022089391946793
            ],
            [
               0.02954894118010998,
               0.02090164273977280,
               0.9993447661399841,
               -0.1037631854414940
            ]
         ],
         "intrinsics" : [
            [ 1.169283747673035, 0.0, -0.1401023268699646 ],
            [ 0.0, 0.9354475140571594, 0.01462507341057062 ],
            [ 0.0, 0.0, -1.0 ]
         ]
      },
      {
         "distortion" : {
            "center_x" : -0.1550996316439062,
            "center_y" : 0.01614744158667750,
            "coeffs" : [
               -0.3103388446281093,
               0.1474070054024914,
               -0.2117979437242678,
               0.0,
               0.0
            ],
            "type" : "DISTORT_DPOLY3"
         },
         "extrinsics" : [
            [
               0.9995443820953369,
               -0.008992093615233898,
               -0.02881271205842495,
               -0.06279853731393814
            ],
            [
               0.008474395610392094,
               0.9998013377189636,
               -0.01803969778120518,
               0.03828583285212517
            ],
            [
               0.02896920405328274,
               0.01778730936348438,
               0.9994220137596130,
               -0.1057773828506470
            ]
         ],
         "intrinsics" : [
            [ 1.17517888545990, 0.0, 0.1612590998411179 ],
            [ 0.0, 0.9397553205490112, -0.005429733544588089 ],
            [ 0.0, 0.0, -1.0 ]
         ]
      }
   ]
}
