{
   "acc_bias" : [ 0.510034978389740, 0.2014670073986054, -1.491688966751099 ],
   "acc_scale" : [ 0.9984570145606995, 1.003986954689026, 0.9739509820938110 ],
   "camera_from_imu" : [
      0.9999840259552002,
      -0.0009410000056959689,
      0.002225999953225255,
      0.005090000107884407,
      -0.02500000037252903,
      -0.03725000098347664,
      0.02745000086724758
   ],
   "device" : {
      "eye_target_height_in_pixels" : 800,
      "eye_target_width_in_pixels" : 640,
      "first_eye" : "eEYE_LEFT",
      "flip_y" : false,
      "horizontal_FOV_degrees" : 90.0,
      "last_eye" : "eEYE_RIGHT",
      "latency_scan_out_to_display_max" : 0.0,
      "latency_scan_out_to_display_min" : 0.0,
      "num_windows" : 1,
      "persistence" : 0.01666666753590107,
      "physical_aspect_x_over_y" : 1.600000023841858
   },
   "gyro_bias" : [ -0.009650999680161476, 0.008710999973118305, 0.01759999990463257 ],
   "gyro_scale" : [ 1.004567980766296, 1.013326048851013, 1.013326048851013 ],
   "tracking_type" : "oculus",
   "tracking_camera_intrinsics" : "ids_ui_1221le_m__sunex_ds2311a__4002902146",
   "tracking_camera_unique_id" : 0,
   "tracking_to_eye_transform" : [
      {
         "distortion" : {
            "center_x" : 0.1597815611664009,
            "center_y" : 0,
            "coeffs" : [
               -0.2900865767631629,
               0.1267063467415810,
               -0.1751227629818852,
               0.0,
               0.0
            ],
            "type" : "DISTORT_DPOLY3"
         },
         "extrinsics" : [
            [
				1,0,0,
               -0.002451803768053651
            ],
            [
				0,1,0,
				0
            ],
            [
				0,0,1,
				0
            ]
         ],
         "intrinsics" : [
            [ 1.171745300292969, 0.0, -0.1395828425884247 ],
            [ 0.0, 0.9377121925354004, 0 ],
            [ 0.0, 0.0, -1.0 ]
         ]
      },
      {
         "distortion" : {
            "center_x" : -0.1597815611664009,
            "center_y" : 0,
            "coeffs" : [
               -0.2900865767631629,
               0.1267063467415810,
               -0.1751227629818852,
               0.0,
               0.0
            ],
            "type" : "DISTORT_DPOLY3"
         },
         "extrinsics" : [
            [
				1,0,0,
               -0.06570945680141449
            ],
            [
				0,1,0,
				0
            ],
            [
				0,0,1,
				0
            ]
         ],
         "intrinsics" : [
            [ 1.174161195755005, 0.0, 0.1612415015697479 ],
            [ 0.0, 0.9392444491386414, 0 ],
            [ 0.0, 0.0, -1.0 ]
         ]
      }
   ]
}
